{"cameraMode":{"drawMode":0,"name":"Shaded","section":"Shading Mode"},"sceneLighting":true,"audioPlay":false,"sceneViewState":{"m_AlwaysRefresh":false,"showFog":true,"showSkybox":true,"showFlares":true,"showImageEffects":true,"showParticleSystems":true,"showVisualEffectGraphs":true,"m_FxEnabled":true},"in2DMode":false,"pivot":{"x":-1.5315364599227906,"y":2.3781511783599855,"z":0.2573133111000061},"rotation":{"x":-0.08308915048837662,"y":-0.7147535085678101,"z":0.08618176728487015,"w":-0.6890650987625122},"size":1.2843905687332154,"orthographic":false}